<assembly
	xmlns="http://maven.apache.org/plugins/maven-assembly-plugin/assembly/1.1.2"
	xmlns:xsi="http://www.w3.org/2001/XMLSchema-instance"
	xsi:schemaLocation="http://maven.apache.org/plugins/maven-assembly-plugin/assembly/1.1.2 http://maven.apache.org/xsd/assembly-1.1.2.xsd">
	<id>${buildNumber}-mac</id>
	<includeBaseDirectory>false</includeBaseDirectory>
	<formats>
		<format>tar.gz</format>
	</formats>
	<fileSets>
		<fileSet>
			<directory>target\generated-resources\appassembler\jsw\mycat\bin</directory>
			<outputDirectory>bin</outputDirectory>
			<includes>
				<include>mycat</include>
				<include>wrapper-macosx*</include>
			</includes>
		</fileSet>
		<fileSet>
			<directory>target\generated-resources\appassembler\jsw\mycat\lib</directory>
			<outputDirectory>lib</outputDirectory>
			<includes>
				<include>*.jar</include>
				<include>libwrapper-macosx*</include>
			</includes>
		</fileSet>
		<fileSet>
			<directory>target\generated-resources\appassembler\jsw\mycat\conf</directory>
			<outputDirectory>conf</outputDirectory>
			<includes>
				<include>*</include>
			</includes>
		</fileSet>
		<fileSet>
			<directory>src/main/resources</directory>
			<outputDirectory>conf</outputDirectory>
			<excludes>
				<exclude>*.dtd</exclude>
				<exclude>log4j.*</exclude>
			</excludes>
		</fileSet>
		<fileSet>
			<directory>src/main/assembly/conf</directory>
			<outputDirectory>conf</outputDirectory>
		</fileSet>
		<fileSet>
			<directory>src/main/assembly/bin</directory>
			<outputDirectory>bin</outputDirectory>
			<fileMode>0755</fileMode>
			<includes>
				<include>*.sh</include>
			</includes>
		</fileSet>
		<fileSet>
			<directory>src/main/assembly/logs</directory>
			<outputDirectory>logs</outputDirectory>
			<excludes>
				<exclude>**/*</exclude>
			</excludes>
		</fileSet>
	</fileSets>

</assembly>