<?xml version="1.0" encoding="UTF-8"?>
<!--
 -  
 - Licensed under the Apache License, Version 2.0 (the "License");
 - you may not use this file except in compliance with the License.
 - You may obtain a copy of the License at
 -  
 -      http://www.apache.org/licenses/LICENSE-2.0
 -  
 - Unless required by applicable law or agreed to in writing, software
 - distributed under the License is distributed on an "AS IS" BASIS,
 - WITHOUT WARRANTIES OR CONDITIONS OF ANY KIND, either express or implied.
 - See the License for the specific language governing permissions and
 - limitations under the License.
-->
<!DOCTYPE mycat:rule SYSTEM "rule.dtd">
<mycat:rule xmlns:mycat="http://org.opencloudb/">
<tableRule name="rule1">
    <rule>
      <columns>id</columns>
      <algorithm>func1</algorithm>
    </rule>
  </tableRule>

  <tableRule name="rule2">
    <rule>
      <columns>user_id</columns>
      <algorithm>func1</algorithm>
    </rule>
  </tableRule>

  <tableRule name="sharding-by-intfile">
    <rule>
      <columns>sharding_id</columns>
      <algorithm>hash-int</algorithm>
    </rule>
  </tableRule>
   <tableRule name="auto-sharding-long">
    <rule>
      <columns>id</columns>
      <algorithm>rang-long</algorithm>
    </rule>
  </tableRule>
  <tableRule name="mod-long">
    <rule>
      <columns>id</columns>
      <algorithm>mod-long</algorithm>
    </rule>
  </tableRule>
  <function name="hash-int" class="org.opencloudb.route.function.PartitionByFileMap">
    <property name="mapFile">partition-hash-int.txt</property>
  </function>
   <function name="rang-long" class="org.opencloudb.route.function.AutoPartitionByLong">
    <property name="mapFile">autopartition-long.txt</property>
  </function>
   <function name="mod-long" class="org.opencloudb.route.function.PartionByMod">
   <!-- how many data nodes  -->
    <property name="count">3</property>
  </function>
  <function name="func1" class="org.opencloudb.route.function.PartitionByLong">
    <property name="partitionCount">8</property>
    <property name="partitionLength">128</property>
  </function>
</mycat:rule>
