<?xml version="1.0" encoding="UTF-8"?>
<!-- - - Licensed under the Apache License, Version 2.0 (the "License"); 
	- you may not use this file except in compliance with the License. - You 
	may obtain a copy of the License at - - http://www.apache.org/licenses/LICENSE-2.0 
	- - Unless required by applicable law or agreed to in writing, software - 
	distributed under the License is distributed on an "AS IS" BASIS, - WITHOUT 
	WARRANTIES OR CONDITIONS OF ANY KIND, either express or implied. - See the 
	License for the specific language governing permissions and - limitations 
	under the License. -->
<!DOCTYPE mycat:server SYSTEM "server.dtd">
<mycat:server xmlns:mycat="http://org.opencloudb/">
	<system>
	<!-- 
	<property name="processors">1</property> 
	<property name="processorExecutor">32</property> 
	 -->
		<!--默认是65535 64K 用于sql解析时最大文本长度 -->
		<!--<property name="maxStringLiteralLength">65535</property>-->
		<!--<property name="sequnceHandlerType">0</property>-->
		<!--<property name="backSocketNoDelay">1</property>-->
		<!--<property name="frontSocketNoDelay">1</property>-->
		<!--<property name="processorExecutor">16</property>-->
		<!-- 
			<property name="mutiNodeLimitType">1</property> 0：开启小数量级（默认） ；1：开启亿级数据排序
	    	<property name="mutiNodePatchSize">100</property> 亿级数量排序批量
			<property name="processors">32</property> <property name="processorExecutor">32</property> 
			<property name="serverPort">8066</property> <property name="managerPort">9066</property> 
			<property name="idleTimeout">300000</property> <property name="bindIp">0.0.0.0</property> 
			<property name="frontWriteQueueSize">4096</property> <property name="processors">32</property> -->
	</system>
	<user name="test">
		<property name="password">test</property>
		<property name="schemas">TESTDB</property>
	</user>

	<user name="user">
		<property name="password">user</property>
		<property name="schemas">TESTDB</property>
		<property name="readOnly">true</property>
	</user>
	<!-- <cluster> <node name="cobar1"> <property name="host">127.0.0.1</property> 
		<property name="weight">1</property> </node> </cluster> -->
	<!-- <quarantine> <host name="1.2.3.4"> <property name="user">test</property> 
		</host> </quarantine> -->

</mycat:server>
